<?xml version="1.0" encoding="UTF-8"?>
<project-private xmlns="http://www.netbeans.org/ns/project-private/1">
    <editor-bookmarks xmlns="http://www.netbeans.org/ns/editor-bookmarks/2" lastBookmarkId="0"/>
    <open-files xmlns="http://www.netbeans.org/ns/projectui-open-files/2">
        <group>
            <file>file:/D:/Storage/Kuliah/Praktikum/Sem%204/Pemrograman%20Berorientasi%20Objek/projek-pbo-v2/src/projekpbo/bangunDatar/JajarGenjang.java</file>
            <file>file:/D:/Storage/Kuliah/Praktikum/Sem%204/Pemrograman%20Berorientasi%20Objek/projek-pbo-v2/src/projekpbo/bangunDatar/BelahKetupat.java</file>
            <file>file:/D:/Storage/Kuliah/Praktikum/Sem%204/Pemrograman%20Berorientasi%20Objek/projek-pbo-v2/src/projekpbo/Main.java</file>
            <file>file:/D:/Storage/Kuliah/Praktikum/Sem%204/Pemrograman%20Berorientasi%20Objek/projek-pbo-v2/src/projekpbo/BendaGeometri.java</file>
            <file>file:/D:/Storage/Kuliah/Praktikum/Sem%204/Pemrograman%20Berorientasi%20Objek/projek-pbo-v2/src/projekpbo/Geometri2D.java</file>
            <file>file:/D:/Storage/Kuliah/Praktikum/Sem%204/Pemrograman%20Berorientasi%20Objek/projek-pbo-v2/src/projekpbo/bangunRuang/KerucutTerpancung.java</file>
            <file>file:/D:/Storage/Kuliah/Praktikum/Sem%204/Pemrograman%20Berorientasi%20Objek/projek-pbo-v2/src/consoleView/BelahKetupatConsole.java</file>
            <file>file:/D:/Storage/Kuliah/Praktikum/Sem%204/Pemrograman%20Berorientasi%20Objek/projek-pbo-v2/src/projekpbo/bangunRuang/PrismaBelahKetupat.java</file>
            <file>file:/D:/Storage/Kuliah/Praktikum/Sem%204/Pemrograman%20Berorientasi%20Objek/projek-pbo-v2/src/projekpbo/turunanBola/CincinBola.java</file>
        </group>
    </open-files>
</project-private>
